TIME,TIME_seconds,VE,Vt,RR,VO2,VO2_kg,VCO2,RER,VE1,VE2,FEO2,FECO2,WorkR,PetCO2,PetO2
 0:04,4,7.540893078,0.25944379,16.57458496,0.336499155,3.118620396,0.157262623,0.843820214,28.10087967,33.53803635,16.7808609,3.681071997,0,29.07840919,123.9485321
 0:09,9,8.043668747,1.311798453,9.375,0.434890598,4.030496597,0.441195697,0.830812812,27.25286102,33.84077835,16.70409584,3.601457119,0,27.07421303,124.4127808
 0:14,14,6.132839203,0.55472827,11.74168205,0.336499155,3.118620396,0.24644199,0.820705116,27.72496796,34.10770798,16.61361694,3.601457119,0,27.19365311,124.598465
 0:18,18,14.92330265,0.43774876,16.57458496,0.482809216,4.474598885,0.361023128,0.838473499,29.53829956,33.1145668,16.97470474,3.681071997,0,28.03701973,128.126709
 0:24,24,18.98332214,0.639125943,9.13242054,0.569885373,5.281606674,0.625909984,0.833405018,27.75782204,33.92351151,16.7808609,3.601457119,0,27.61373711,124.319931
 0:30,30,9.916109085,1.311798453,15.30612373,0.388027132,3.596173525,0.344988942,0.833405018,29.03562737,32.76330566,16.9487915,3.769429207,0,29.01661873,125.8983459
 0:34,34,10.03353024,0.353389621,36.36363602,0.354560554,3.286010742,0.263673902,0.841606617,29.72891235,34.7251358,16.99586105,3.535300255,0,26.48088455,128.126709
 0:36,36,8.043668747,1.032548308,11.74168205,0.354560554,3.286010742,0.20725663,0.830812812,28.75652122,34.16626358,16.81842232,3.592409849,0,27.07421303,125.3412476
 0:42,42,4.583710194,0.686593413,15.30612373,0.315190822,2.921138287,0.157262623,0.823926926,28.19258881,34.7251358,16.76450729,3.464422226,0,25.95237923,124.8770142
 0:49,49,12.12597752,0.978952885,12.76595783,0.524230301,4.858482838,0.441195697,0.820705116,27.8996315,34.16626358,16.61361694,3.557987213,0,27.37330437,124.6912994
 0:55,55,7.479481697,0.282035321,12.19512177,0.302847624,2.806743383,0.244386375,0.830812812,27.61219025,33.84077835,16.66485786,3.607575178,0,27.01459312,124.319931
 1:02,62,10.10819912,0.978952885,9.389671326,0.447752774,4.149701118,0.430726171,0.830147028,28.19258881,34.42232895,16.78243446,3.592409849,0,26.95503235,125.0627136
 1:06,66,10.01579285,0.663938046,19.80198097,0.353069544,3.27219224,0.157262623,0.838473499,29.67889214,33.8351593,16.97470474,3.607575178,0,27.43331337,125.7126465
 1:11,71,7.540893078,0.904593766,15.30612373,0.302847624,2.806743383,0.263673902,0.823926926,26.61397171,35.34856796,16.70611954,3.473546028,0,26.18663216,124.319931
 1:17,77,9.916109085,0.792230487,12.19512177,0.353069544,3.27219224,0.27769649,0.788993657,27.44756699,31.69257736,16.5414753,3.828880072,0,28.77013779,123.4842834
 1:22,82,6.132839203,0.127579942,37.26708221,0.320796132,2.973087311,0.290989667,0.781910777,27.67217255,34.42232895,16.70409584,3.566179037,0,27.07421303,124.598465
 1:23,83,10.01579285,0.353389621,16.57458496,0.354560554,3.286010742,0.244386375,0.815142572,28.74443245,34.10770798,16.81475449,3.627182961,0,27.07421303,125.1555634
 1:27,87,8.272204399,0.835200965,13.48314571,0.447752774,4.149701118,0.441043019,0.78968966,28.74443245,35.76916504,16.82668304,3.4198277,0,26.83611107,125.1555634
 1:29,89,17.46137047,0.973754466,12.24489784,0.814381242,7.547555447,0.625909984,0.725913227,24.53654099,33.50456619,16.19861603,3.707291126,0,28.77013779,119.3989487
 1:33,93,11.82697773,0.792230487,12.24489784,0.663159132,6.146052837,0.540608466,0.764047384,22.5050354,30.10091972,15.81351948,4.072196007,0,31.09110451,117.4491348
 1:39,99,7.337236881,0.585154593,10.56338024,0.147572473,1.367678165,0.282145619,0.781910777,28.31475449,34.85808563,16.84841156,3.485322714,0,26.53993225,125.4341125
 1:48,108,6.870699406,0.760373354,6.779661179,0.310622454,2.878799438,0.26740995,0.78968966,28.17329788,36.07624435,16.84841156,3.435782671,0,26.18663216,125.3412476
 1:50,110,12.12597752,0.43774876,35.92814255,0.814381242,7.547555447,0.506685019,0.788770497,28.27550507,36.01699829,16.90383911,3.435782671,0,26.01084328,128.3123932
 1:55,115,14.92330265,1.068570971,11.90476227,0.814381242,7.547555447,0.588800371,0.764288425,21.45268631,32.03365707,15.59138966,3.828880072,0,31.86384201,114.4779816
 2:01,121,12.12597752,0.43774876,35.92814255,0.663159132,6.146052837,0.506685019,0.764047384,23.64874458,33.31416702,16.11495018,3.707291126,0,31.54066658,118.7490082
 2:07,127,6.870699406,1.600999951,10.56338024,0.147572473,1.367678165,0.294249922,0.780796885,27.44756699,35.37314224,16.74578285,3.471285105,0,26.24535751,124.6912994
 2:12,132,19.44534302,1.600999951,8.547008514,1.066935182,9.888185501,0.815914214,0.788770497,27.67217255,35.67164612,16.72136879,3.435782671,50,26.24535751,124.8770142
 2:19,139,15.35432243,1.657547951,12.19512177,0.722328067,6.694421291,0.625909984,0.78676337,28.10087967,37.33306885,16.76199341,3.31978631,50,25.02550697,124.4127808
 2:26,146,16.7029171,1.401964664,12.14574909,0.899322093,8.334774017,0.625909984,0.788770497,24.53654099,30.6150074,16.1852951,4.004827976,50,31.60516167,119.8631897
 2:32,152,12.64344883,1.776784062,12.76595783,0.899322093,8.334774017,0.540608466,0.764288425,21.21784019,31.69257736,15.59138966,3.828880072,50,33.30649185,115.0350647
 2:38,158,11.44010258,1.657547951,12.19512177,0.80012393,7.415421009,0.623916924,0.725913227,23.19874001,30.81955147,15.81351948,4.004827976,50,31.34758186,116.3349609
 2:43,163,18.98332214,1.401964664,10.54481506,0.80012393,7.415421009,0.657233536,0.759677112,24.53654099,29.39585876,16.19861603,4.155692577,50,31.02715874,119.8631897
 2:49,169,19.44534302,1.776784062,11.67315197,1.02489543,9.498567581,0.80144769,0.725913227,21.33884239,29.44573593,15.59138966,4.180874825,50,39.71741104,115.406456
 2:53,173,16.7029171,1.800251842,10.38062286,1.04861939,9.718437195,0.723961294,0.788770497,24.09139442,29.47506332,15.97556019,4.169157028,50,31.34758186,117.6348267
 2:59,179,18.37857056,1.299347758,9.28792572,1.189063191,11.02004814,0.815914214,0.69359839,19.9047718,30.74131203,15.22583294,4.01454258,50,31.66972923,113.1781006
 3:03,183,18.94667816,1.332582951,13.24503326,1.189063191,11.02004814,0.815914214,0.658057749,19.56178093,28.89505768,15.18025208,4.233848572,50,31.99360085,113.8280487
 3:08,188,17.4800148,1.295051694,8.547008514,0.823915839,7.635920525,0.642359912,0.748174369,21.21784019,29.17862129,15.6313858,4.221561432,50,31.99360085,115.3136139
 3:13,193,18.17773438,1.294272542,9.216589928,1.14451158,10.60715103,0.80144769,0.647461355,19.94802094,30.48525047,15.17344475,4.01454258,50,31.54066658,112.8995514
 3:18,198,19.45630455,1.437752604,11.74168205,1.14451158,10.60715103,0.827628016,0.658057749,19.65467262,29.3106308,15.18025208,4.169157028,50,31.54066658,112.8995514
 3:22,202,22.68988991,1.604711652,13.54401779,1.384996295,12.8359251,0.958961129,0.645733118,19.20284081,28.78741074,15.02395916,4.248077869,50,32.12363434,111.4139862
 3:27,207,18.17773438,1.370679498,13.48314571,1.143174291,10.59475708,0.799344718,0.64519155,18.79047203,28.99847221,14.94271851,4.224909306,50,32.12363434,111.4139862
 3:31,211,19.63682747,1.402717829,16,1.135223746,10.52107239,0.799344718,0.658057749,18.89058113,28.08279419,14.88289165,4.339230537,50,32.97564316,110.6712036
 3:35,215,19.45870018,1.402703404,16,1.135223746,10.52107239,0.808027387,0.64519155,19.03263855,28.95289612,14.91746426,4.232569218,50,32.18875504,110.206955
 3:40,220,17.46137047,1.292626143,15.78947353,1.240448117,11.49627495,0.714035511,0.69359839,19.9047718,29.45733261,15.21819496,4.180874825,50.00000381,30.51803207,113.1781006
 3:43,223,16.97161865,1.430883169,13.82488441,1.143174291,10.59475708,0.714035511,0.659045041,19.70873833,29.08327675,15.15023041,4.224909306,50,31.99360085,112.7138596
 3:48,228,17.85203552,1.295051694,16,1.178926826,10.9261055,0.74016118,0.659045041,19.70873833,28.95289612,15.18025208,4.233848572,50,31.92868614,112.1567764
 3:52,232,18.74974632,1.292626143,13.48314571,1.126321793,10.43857098,0.773157835,0.665702283,19.35259247,29.17862129,15.17344475,4.221561432,50,31.92868614,112.8995514
 3:55,235,19.44534302,1.144679189,16.99716759,1.218273878,11.29076767,0.766335785,0.670412123,19.68692207,28.850914,15.18025208,4.233848572,50,31.92868614,112.2496109
 3:58,238,21.16018677,1.159056664,16.75977707,1.295097589,12.00275803,0.930932224,0.714499712,21.33884239,29.51179123,15.53111458,4.160307884,50,31.54066658,113.8280411
 4:02,242,22.80500793,1.633963346,14.66992664,1.452633977,13.46278,0.926005602,0.679069936,19.06156158,28.43321991,14.9995327,4.275250435,50,33.77264786,111.8782196
 4:06,246,18.74974632,1.144679189,22.98850632,1.178926826,10.9261055,0.766335785,0.64519155,19.38779449,28.27179909,14.94271851,4.339230537,50,32.51539993,111.5068283
 4:10,250,17.55532646,1.299347758,13.88888931,1.178926826,10.9261055,0.74016118,0.708860755,20.23994064,29.51179123,15.30014706,4.158177376,50,31.66972923,112.8995514
 4:14,254,20.06457329,1.604711652,14.35406685,1.452633977,13.46278,0.956204474,0.701927483,19.09823418,28.43321991,15.0262928,4.275250435,50,32.71222687,110.4855042
 4:18,258,21.54741096,1.466414213,15.78947353,1.178926826,10.9261055,0.857986987,0.692005932,19.56178093,29.08327675,15.21819496,4.200011253,50,31.99360085,113.0852509
 4:22,262,21.20225525,1.723413587,14.66992664,1.429335237,13.24685097,1.07389605,0.693093896,19.09823418,28.94351768,15.01989079,4.232569218,50,31.73436546,111.5068283
 4:25,265,21.20533752,1.353830099,16.75977707,1.295097589,12.00275803,0.930932224,0.763815522,22.46209717,29.00564766,15.8054781,4.200011253,50,31.99360085,117.4491272
 4:30,270,23.07764244,1.643937588,14.66992664,1.388596892,12.86929417,1.07389605,0.700053394,19.19038391,28.99847221,15.02395916,4.224909306,50,32.31920624,111.7853699
 4:38,278,23.07764244,1.63160181,13.54401779,1.429335237,13.24685097,1.027615309,0.700053394,18.72189331,28.94351768,14.83401775,4.255684853,50,32.18875504,110.206955
 4:43,283,19.45870018,1.353123307,16,1.002227664,9.288486481,0.777718723,0.665702283,18.72189331,28.43321991,14.77735233,4.296650887,50,32.71222687,110.206955
 4:47,287,20.69371414,1.353123307,14.96259308,1.12510705,10.42731285,0.850990772,0.787422657,24.53654099,28.99847221,16.1852951,4.200011253,50,32.38453674,119.8631897
 4:51,291,21.54741096,1.466414213,14.92537308,1.130492568,10.47722435,0.898454905,0.814397752,23.87665176,29.17862129,15.93697929,4.195594311,50,31.54066658,117.6348267
 4:55,295,17.19403458,1.332582951,14.74201488,0.901839793,8.358107567,0.665380359,0.75325352,21.45268631,29.3106308,15.52412605,4.144367695,50,31.66972923,114.8493729
 4:59,299,19.45870018,1.353830099,16.99716759,1.118550062,10.36654377,0.838001192,0.650700033,19.66007423,27.67854309,15.18025208,4.440856457,50,34.24228668,112.8995514
 5:03,303,20.78678513,1.353123307,14.66992664,1.130492568,10.47722435,0.857986987,0.787422657,23.23653412,28.35948563,16.04896355,4.319983482,75,34.98737717,115.1279221
 5:08,308,21.54741096,1.402703404,15.91511917,1.12510705,10.42731285,0.8558833,0.798965514,23.64874458,27.50957298,15.93697929,4.466889858,75,40.23109436,118.3776245
 5:12,312,21.88677979,1.402717829,15.91511917,1.118550062,10.36654377,0.898038089,0.814397752,24.07069969,27.14744377,15.97556019,4.518422604,75,43.00961304,117.9133759
 5:16,316,21.88677979,1.290369987,17.39130402,1.175726414,10.89644527,0.850990772,0.692005932,19.9047718,28.23491859,15.21819496,4.337329865,75,32.71222687,112.8995514
 5:20,320,15.35432243,1.27096808,13.5746603,0.745690286,6.91093874,0.625909984,0.739070535,21.27557755,27.51875877,15.53045559,4.425216675,75,34.98737717,115.5921631
 5:24,324,19.45630455,1.312252045,14.74201488,1.002227664,9.288486481,0.802823961,0.715772092,20.96370316,28.08279419,15.38338184,4.395378113,75,33.37287903,114.1065903
 5:28,328,20.67888641,1.312252045,14.66992664,1.12510705,10.42731285,0.920670629,0.831199348,23.69803619,28.00545692,15.93697929,4.395378113,81,40.23109436,117.9133759
 5:32,332,22.68988991,1.467895746,13.54401779,1.340489149,12.42343998,0.958961129,0.693093896,19.16941071,27.50957298,14.9995327,4.450930119,75,33.83952713,111.4139862
 5:36,336,25.24936676,1.705232382,15.34526825,1.618240476,14.99759483,1.119054198,0.693479002,19.19038391,27.61458778,14.9995327,4.450930119,75,33.97349548,111.4139862
 5:40,340,25.63928986,1.651931286,14.96259308,1.618240476,14.99759483,1.119054198,0.700053394,19.05267715,28.00545692,15.0262928,4.327540398,81,32.64654922,111.3211441
 5:44,344,26.47370148,1.524101138,15.34526825,1.669455767,15.47224998,1.119054198,0.693093896,18.39916611,27.14744377,14.78100967,4.518422604,75,33.70584869,110.7640457
 5:48,348,20.67888641,1.489947319,13.5746603,1.08626163,10.06729984,0.862910569,0.760798097,21.10938644,26.9502449,15.52000046,4.499067307,81,33.50584793,115.4993286
 5:54,354,19.78043175,1.421240568,12.76595783,1.08626163,10.06729984,0.777718723,0.739070535,21.27350426,27.58174324,15.51160526,4.450930119,75,34.24228668,114.7565308
 5:58,358,20.06457329,1.489947319,13.45291519,1.20206964,11.14058971,0.898038089,0.690546274,20.27654457,26.9502449,15.32188892,4.499067307,81,34.78330612,112.8067017
 6:02,362,21.54741096,1.466414213,16.04277992,1.292914987,11.98252964,0.956204474,0.712608516,20.96370316,27.48570442,15.38338184,4.466889858,75,35.05554199,114.663681
 6:06,366,17.46137047,1.370679498,13.82488441,1.08626163,10.06729984,0.763961315,0.650700033,19.16990089,27.41803932,14.91746426,4.435615063,100,33.50584793,110.206955
 6:09,369,19.85021973,1.421240568,12.0967741,1.340489149,12.42343998,0.905109525,0.76859194,21.032341,26.95202255,15.39796734,4.499067307,100,34.30966568,113.6423492
 6:14,374,15.70325089,1.023778439,13.79310322,1.08626163,10.06729984,0.763961315,0.715772092,20.19177818,28.45011902,15.36379051,4.306302071,102,32.64654922,112.8995514
 6:18,378,18.98332214,1.293242455,13.79310322,1.08626163,10.06729984,0.756509304,0.706375778,19.9047718,28.51737022,15.1665802,4.306302071,100,33.77264786,112.8995514
 6:23,383,21.17337608,1.353830099,16.75977707,1.222329974,11.3283596,0.898038089,0.701785564,20.03853989,26.48098564,15.32188892,4.621455669,100,35.26047516,114.1065903
 6:27,387,37.05343246,2.533761501,9.933774948,2.276943684,21.10235023,1.698794246,0.712608516,18.72189331,26.82864189,14.78148365,4.617259502,102,35.26047516,110.7640457
 6:32,392,25.50102425,1.847117782,13.39285755,1.593743205,14.7705574,1.119054198,0.714354992,18.55715179,26.28781891,14.86263466,4.652362347,100,35.26047516,110.3926468
 6:36,396,25.24936676,1.651931286,13.39285755,1.593743205,14.7705574,1.11846602,0.703601718,18.72189331,26.54567719,14.78100967,4.621455669,100,35.12377548,110.206955
 6:39,399,23.07764244,1.54211235,15.70680618,1.373192549,12.72652912,1.099442244,0.765885353,20.0586834,28.16284943,15.12630272,4.362147808,100,33.70584869,112.5281677
 6:43,403,37.5098114,2.447978258,12.71186447,2.276943684,21.10235023,1.698794246,0.726744115,19.18901253,26.76906967,14.93338966,4.623717785,100,34.85125732,110.1141129
 6:47,407,22.68988991,1.54211235,15.07537651,1.510128021,13.9956255,0.964755893,0.747423351,19.66007423,26.24313736,15.12630272,4.65703392,100,35.26047516,112.6210098
 6:53,413,26.14888573,2.142641783,7.317072868,1.393895388,12.91839981,1.099442244,0.712608516,19.06156158,26.49402618,14.98903656,4.561451912,100,35.05554199,110.8568954
 6:57,417,27.10022926,2.684002399,12.71186447,1.514128685,14.0327034,1.295210719,0.749953389,19.52157784,26.87331963,15.07361317,4.556796074,100,34.30966568,112.4353256
 7:01,421,26.64362717,1.685506582,15.34526825,1.590465426,14.74018002,1.306245327,0.749953389,19.66480255,26.24222565,15.05831337,4.652362347,100,34.98737717,112.0639191
 7:05,425,29.83955765,3.494350433,11.83431911,2.276943684,21.10235023,1.598160625,0.788755178,19.03263855,25.75085831,14.8551321,4.753558636,125,35.67230225,110.4854965
 7:09,429,28.39060402,1.905382872,11.83431911,1.514128685,14.0327034,1.295210719,0.77243948,19.66480255,25.82699776,15.0388155,4.750156403,125,35.67230225,111.4139862
 7:13,433,26.14888573,1.458341837,16.30434799,1.510128021,13.9956255,1.099442244,0.807048321,21.16803932,25.97233391,15.39593124,4.713223457,125.0000076,35.87919617,113.6423492
 7:17,437,39.68403625,3.562431097,11.34215641,2.694927454,24.97615814,1.962550282,0.741134167,18.2322216,25.45932007,14.7579155,4.807553768,125,36.29496384,110.4854965
 7:21,441,31.55787659,2.83715415,12.71186447,2.034933329,18.85943794,1.544591904,0.741990805,19.03263855,25.50166702,14.86263466,4.807373524,125,36.64344788,110.1141129
 7:25,445,32.95232391,2.813392401,12.71186447,1.948809266,18.06125259,1.476325154,0.747689128,19.59348488,25.4373188,15.04132652,4.807373524,125,36.64344788,112.1567688
 7:28,448,26.47370148,1.597246766,16.52892494,1.583164096,14.67251205,1.222196937,0.747689128,19.75948143,26.51826477,15.0792017,4.572880268,125,35.26047516,112.1567688
 7:33,453,31.34745407,2.592249393,10.6007061,2.034933329,18.85943794,1.544591904,0.754284799,19.66480255,25.6767292,14.98069286,4.753558636,125,35.46606064,112.1567688
 7:37,457,26.05524826,1.829529047,18.29268265,1.708213568,15.83145046,1.221974969,0.759545684,19.55557632,26.28781891,15.12630272,4.665277958,125,35.3289299,112.1567612
 7:41,461,27.04021072,1.829529047,14.88833714,1.708213568,15.83145046,1.244444966,0.757552385,19.59348488,26.16024399,15.07361317,4.689401627,125,35.60348129,112.1567688
 7:45,465,25.24936676,1.564062834,14.99999905,1.563942552,14.49437046,1.185485959,0.759545684,19.60017395,26.28781891,15.0792017,4.656248569,125,35.12377548,112.0639267
 7:49,469,24.73818588,1.847117782,18.29268265,1.64718616,15.26585865,1.179658055,0.747689128,19.60017395,25.82307434,15.03989887,4.750156403,125,35.94830704,110.4855042
 7:53,473,30.62347412,1.911689997,13.54401779,1.948809266,18.06125259,1.40277648,0.752551198,19.35894775,25.82699776,15.0388155,4.740332603,125.0000076,35.87919617,111.8782196
 7:58,478,35.65868759,3.589641094,14.56310654,2.05247426,19.02200317,1.631932735,0.754284799,19.55557632,25.96801567,15.09483242,4.729147434,125,35.67230225,112.2496185
 8:01,481,24.22676277,1.685506582,14.99999905,1.695158362,15.71045685,1.180903673,0.747689128,19.75948143,26.07687759,15.03989887,4.689401627,125,35.74119186,111.9710693
 8:04,484,26.90880203,1.524101138,15.8730154,1.648356795,15.27670765,1.295210719,0.773277462,20.60884476,25.94287682,15.27332306,4.729147434,150,35.67230225,113.1781006
 8:08,488,28.39060402,1.709286094,16.52892494,1.695158362,15.71045685,1.295210719,0.748573542,19.75948143,25.46675301,14.9697113,4.807373524,147,36.29496384,110.8568954
 8:11,491,26.47370148,1.723413587,13.85681248,1.538364291,14.25731468,1.221974969,0.780023336,19.41494179,25.65728569,15.05831337,4.753558636,147,35.67230225,112.2496185
 8:15,495,26.47370148,1.617200255,15.8730154,1.648356795,15.27670765,1.222196937,0.76500392,19.73843002,25.82699776,15.05831337,4.735320091,147,35.46606064,112.0639114
 8:19,499,27.95462799,1.272364616,15.50387573,1.538364291,14.25731468,1.306245327,0.792453051,21.73064232,25.50166702,15.52073288,4.810956955,150,36.92356873,114.6636734
 8:24,504,36.54463577,2.417354345,16.39344215,2.104753733,19.50652122,1.698794246,0.780023336,19.16990089,25.03090477,14.93338966,4.883720875,149.9999847,36.85342789,110.6712036
 8:28,508,26.64362717,1.651931286,16.52892494,1.617970705,14.9950943,1.306245327,0.771390617,19.66480255,24.56141472,15.0792017,4.976504326,150.0000153,37.62904358,112.2496185
 8:32,512,26.73058128,1.524101138,14.56310654,1.617970705,14.9950943,1.221974969,0.748573542,19.59348488,25.50166702,15.0792017,4.810956955,150,36.92356873,112.1567688
 8:36,516,33.29458237,1.911689997,15.8730154,1.769919157,16.40332794,1.40277648,0.764064729,20.01600075,24.58476067,15.09483242,4.976843834,150,37.55815887,112.1567688
 8:40,520,35.6901207,2.502631187,15.8730154,2.218904734,20.56445503,1.698794246,0.761435032,18.47537422,25.20966911,14.78148365,4.862494946,150,37.91332626,109.6498642
 8:44,524,32.95232391,3.494350433,12.76595783,2.098879814,19.45208359,1.548674345,0.748573542,19.18901253,24.38753319,14.92067909,4.998583794,150.0000153,37.34595871,109.4641571
 8:49,529,42.82992172,3.183609247,12.34567928,2.667434692,24.72135925,1.997302771,0.792453051,19.60017395,25.03090477,15.04525471,4.883720875,151,37.2048645,112.0639114
 8:54,534,30.62347412,1.845905304,16.39344215,2.098879814,19.45208359,1.548674345,0.761435032,18.89058113,24.99203491,14.93338966,4.896496773,150,36.43413162,110.3926468
 8:57,537,29.83955765,1.911689997,15.50387573,1.769919157,16.40332794,1.521696568,0.829868555,21.2187748,24.34417534,15.25307083,4.991945744,150,37.84214401,113.8280487
 9:01,541,30.62347412,1.896521091,13.92111301,1.877593756,17.4012394,1.521696568,0.813637674,21.21943855,24.56141472,15.39593124,4.976504326,150,37.55815887,113.7352066
 9:05,545,37.26283264,2.255424023,18.69158936,2.130380869,19.74403,1.695267439,0.815143347,20.4061985,24.83541679,15.09457588,4.92942524,175,38.41370392,110.4854965
 9:09,549,31.34745407,2.004223585,16.57458496,1.997206807,18.50979424,1.580402493,0.829868555,21.27557755,25.60463142,15.52073288,4.805685997,175,36.36450577,114.8493805
 9:13,553,43.98063278,3.562431097,12.34567928,2.715837717,25.16995049,2.278175592,0.805850387,20.0586834,24.04258347,15.11768818,5.106066227,175,37.98458481,112.5281677
 9:17,557,30.62347412,1.731084943,18.29268265,1.938803196,17.96851921,1.521696568,0.832167208,21.21784019,25.60463142,15.52073288,4.811153412,175,36.92356873,114.6636734
 9:20,560,37.05343246,2.443053007,15.8311348,2.306291819,21.37434387,1.772833109,0.805492163,19.97926331,24.19184875,15.11768818,5.063464165,175,38.27035904,112.3424606
 9:24,564,41.90109634,2.447978258,14.42307663,2.247730017,20.831604,2.020976782,0.805492163,20.01600075,24.23326111,15.11768818,5.044420242,175,38.27035904,112.5281677
 9:28,568,41.83221054,2.260611773,16.62049866,2.129808426,19.73872375,2.020976782,0.815143347,21.032341,24.79316521,15.45171738,4.922847748,175,37.55815887,114.8493805
 9:31,571,43.98063278,3.183609247,11.6279068,2.715837717,25.16995049,2.187586069,0.805409729,19.60017395,24.23326111,15.03140163,5.044420242,175,38.55735016,111.6925201
 9:35,575,41.90109634,2.915215492,14.42307663,2.539060593,23.53160858,2.062667131,0.805409729,19.35894775,24.1106739,14.9802494,5.056973457,175,38.55735016,112.1567764
 9:38,578,35.73690796,2.405614138,19.48051834,2.152796745,19.9517765,1.739004254,0.805492163,19.58232498,25.03090477,15.04525471,4.891535759,175,37.55815887,112.435318
 9:42,582,41.83221054,2.533761501,14.42307663,2.247730017,20.831604,1.926655769,0.805850387,19.16990089,24.23326111,14.8551321,5.043289661,175,43.31647873,109.6498642
 9:46,586,41.59497833,2.533761501,14.42307663,2.205511808,20.44033241,1.926655769,0.823787153,20.08112526,24.23582268,15.19900227,5.063464165,175,38.27035904,112.8995514
 9:50,590,48.07392883,3.183609247,11.92842865,2.77758646,25.74222755,2.35082531,0.805409729,19.41494179,24.0069561,15.04525471,5.081439018,178,39.42556381,112.2496185
 9:55,595,41.90109634,2.260611773,16.48351669,2.603721142,24.13087273,2.044984102,0.807994723,19.73843002,24.61625481,15.03140163,4.963832378,175,37.34595871,112.1567764
 9:58,598,41.90109634,2.915215492,14.42307663,2.603721142,24.13087273,1.962550282,0.805409729,20.01646233,24.40599632,15.13237381,5.013803959,178,37.98458481,112.5281677
10:02,602,40.86750412,2.447978258,14.42307663,2.355753183,21.8327446,1.997302771,0.850617945,20.11933899,24.47459412,15.19900227,5.001870155,175,37.55815887,113.6423492
10:06,606,41.90109634,2.00459528,36.36363602,2.355753183,21.8327446,1.962550282,0.86128819,20.60884476,26.18859482,15.35955238,4.702739239,200,36.85342789,113.9208908
10:09,609,49.73901749,3.08220315,14.42307663,2.603721142,24.13087273,2.34894228,0.846355379,20.0586834,24.07929802,15.18404293,5.095541954,200,38.41370392,113.1781006
10:13,613,48.74718094,3.589641094,9.917355537,2.56769371,23.79697609,2.372429371,0.86128819,21.27350426,23.7576313,15.38958645,5.22040987,200,38.55735016,112.8067017
10:16,616,46.70331573,2.955099821,9.917355537,2.866476297,26.56604576,2.449099541,0.859786212,21.16803932,23.87595367,15.38958645,5.106066227,200,38.70128632,113.7352066
10:20,620,49.23361206,2.7007339,36.36363602,2.866476297,26.56604576,2.449099541,0.85439378,21.02757645,24.04258347,15.26401329,5.123288631,200,38.91777802,111.599678
10:23,623,34.61215973,1.892131448,16.4383564,2.240854502,20.76788139,1.728500128,0.846355379,19.9952774,24.42298317,15.16849518,4.991945744,200,37.98458481,114.0137482
10:27,627,46.51212311,2.395767212,16.4383564,2.541241646,23.55182266,2.188741446,0.857453942,20.08112526,24.63002205,15.13048172,4.963832378,200,37.41662216,112.3424606
10:32,632,34.34173584,2.27742672,17.96407127,2.042544842,18.92997932,1.728500128,0.859786212,21.83720016,24.71234703,15.55740547,4.935199261,200,38.05591965,115.4993286
10:34,634,48.74718094,2.7007339,21.2014122,2.777686119,25.74315262,2.35082531,0.859786212,20.65638924,23.7576313,15.31262684,5.095541954,200,38.41370392,114.4779816
10:37,637,50.85761261,2.267487049,20.27026939,2.774612665,25.71466827,2.551987171,0.880701005,20.82638168,24.04258347,15.35955238,5.081439018,200,38.48548889,114.5708313
10:41,641,51.30649185,2.709048748,21.2014122,2.774612665,25.71466827,2.541935682,0.883859396,20.58185387,23.99495316,15.35955238,5.081439018,200,38.27036285,114.0137329
10:44,644,56.22093201,2.983646631,15.15151501,2.867001295,26.57091141,2.641189337,0.88734448,21.40277481,24.07453918,15.37688828,5.123288631,200,38.91777802,113.8280487
10:47,647,48.81169128,2.589801311,20.20202065,2.867001295,26.57091141,2.443604231,0.886618257,22.25134277,24.7105484,15.61995983,4.935199261,200,38.41370392,116.1492538
10:50,650,54.04916763,1.93982172,18.51851845,2.723011494,25.23643684,2.665620565,0.88734448,23.33660316,24.91352844,15.66008091,4.915687561,200,38.41370392,116.1492538
10:54,654,58.39736557,2.675433636,20.47781563,3.04853034,28.25329208,3.040994406,0.888021827,21.76128578,24.04258347,15.39582443,5.095541954,200,38.41370392,114.5708313
10:57,657,48.31225967,2.928365469,20.47781563,2.855774403,26.46686172,2.443604231,0.891248405,21.99642754,24.46120834,15.52909279,4.998908043,200,37.70000076,113.5494995
11:00,660,63.50658035,3.947525501,15.26717567,3.04853034,28.25329208,3.019991636,0.898745358,21.60049057,24.47808838,15.45326996,4.990396023,200,37.62904358,114.6636734
11:04,664,54.02547455,3.603494406,16.66666603,2.774612665,25.71466827,2.656120777,0.904190481,22.25165367,24.58476067,15.59974003,4.975655079,225,37.62904358,116.1492538
11:07,667,55.25361252,3.632757425,15.70680618,3.04853034,28.25329208,2.84574914,0.893714607,21.40277481,23.7576313,15.39582443,5.095541954,225,38.41370392,113.2709503
11:10,670,52.50947571,2.267487049,19.8675499,2.724216938,25.24760818,2.551987171,0.901038051,23.04120445,25.05856514,15.81166172,4.896420002,225,38.05592346,115.963562
11:13,673,53.42686081,2.985603571,17.7514801,2.958716154,27.42090988,2.541935682,0.896456718,21.76128578,24.27477646,15.48396015,5.066117764,225,38.27036285,115.4064713
11:17,677,52.49596786,3.178457022,17.04545403,2.634978294,24.42055893,2.477206945,0.8996979,21.76128578,24.23582268,15.45326996,5.069386005,225,38.41370392,115.6850052
11:20,680,46.70331573,2.267487049,17.80415344,2.634978294,24.42055893,2.372429371,0.896456718,22.32777023,24.97729874,15.59131241,4.899131775,225,38.05592346,114.4779816
11:24,684,50.92809296,2.955099821,17.04545403,2.724216938,25.24760818,2.551987171,0.911446989,22.19142342,24.66774178,15.59425354,4.975655079,225,37.84214401,115.8707123
11:27,687,52.50947571,3.183609247,16.34877396,2.724216938,25.24760818,2.541935682,0.900360107,22.15003777,24.38753319,15.56149483,5.025018692,225,38.05591965,116.3349533
11:31,691,50.92809296,2.7007339,20.6896553,2.810895681,26.05093193,2.511557341,0.892680883,21.60049057,24.17527008,15.49299431,5.064113617,225,38.41370392,115.3136139
11:33,693,65.266716,3.947525501,15.26717567,3.032913685,28.10856056,3.169179678,0.893714607,21.60049057,24.32427979,15.45326996,5.012844086,225,38.19880295,115.6850052
11:37,697,56.60102463,3.35902524,17.24137878,2.998467445,27.78931808,2.704681396,0.89858979,21.95802307,24.39649582,15.52909279,5.012844086,225,38.27035904,115.4064713
11:40,700,52.75089645,2.5226717,19.10828018,2.702640772,25.04764366,2.641189337,0.8996979,22.39102745,24.66774178,15.61995983,4.970306873,225,37.70000076,115.8707047
11:43,703,46.70331573,2.675433636,17.7514801,2.899342775,26.87064552,2.464304686,0.909872174,21.97961617,24.46120834,15.53642273,5.012844086,225,38.27035904,115.6850052
11:46,706,58.56949615,2.583165407,25.64102554,3.112264872,28.84397507,2.850815535,0.888021827,22.25134277,25.00890541,15.59131241,4.899131775,225,37.27537918,115.2207642
11:49,709,56.60102463,2.955099821,15.26717567,2.970272541,27.52801132,2.704681396,0.8996979,21.67412758,24.31099129,15.49299431,5.029579163,232,38.12731934,115.1279221
11:53,713,55.25361252,3.848305464,17.24137878,3.246390343,30.0870285,2.84574914,0.898745358,21.60049057,23.7576313,15.45326996,5.080312252,225,38.48548889,115.3136139
11:56,716,54.02547455,3.632757425,15.26717567,3.565886974,33.04807281,2.704681396,0.931541264,22.90904236,24.89325714,15.69895077,4.906711578,225,37.70000458,116.3349609
11:59,719,56.22093201,3.632757425,16.66666603,3.032913685,28.10856056,2.84574914,0.939959347,23.19874001,24.8161068,15.78499889,4.951451302,225,37.84214401,117.5419846
12:02,722,56.60102463,3.901844263,16.99716759,3.235461235,29.98573875,2.812590361,0.948766053,23.41499901,24.40599632,15.8204031,5.016458511,225,38.27035904,117.4491348
12:05,725,54.04916763,2.633733511,20.27026939,2.702640772,25.04764366,2.665620565,0.939959347,23.76030731,25.26863289,15.90753078,4.836053848,250.0000153,37.2048645,117.5419693
12:08,728,58.56949615,2.824151993,20.33898163,3.565886974,33.04807281,2.875378609,0.948766053,22.77052689,24.34417534,15.78499889,5.03208065,250,38.27035904,117.263443
12:11,731,64.1384201,2.820617914,21.89780998,2.970272541,27.52801132,3.169179678,0.947331071,22.45251465,24.60913277,15.74742126,4.967490673,250,37.77103806,117.9133759
12:14,734,50.92809296,2.643565178,21.97802162,2.851251125,26.42494011,2.567409754,0.93162477,23.49644661,25.04872322,15.83122063,4.896420002,250,36.85342789,117.6348267
12:16,736,52.21621323,2.589801311,21.89780998,2.851251125,26.42494011,2.551987171,0.925802886,22.13555717,24.66099167,15.56149483,4.970306873,250,37.55815887,116.1492538
12:20,740,48.81169128,2.928365469,23.4375,2.851251125,26.42494011,2.443604231,0.93162477,23.30303764,24.89307404,15.78789043,4.915205002,250.0000153,37.06406403,117.4491348
12:23,743,56.60102463,2.928365469,21.12676048,2.835005522,26.27437973,2.665620565,0.909275293,22.05480957,24.25326157,15.53642273,5.039732933,250,38.77336884,115.3136139
12:26,746,44.45485306,2.404968977,20.40816307,2.521339417,23.36737061,2.25996995,0.91394484,22.15003777,24.7105484,15.56149483,4.950832844,250,38.19880295,115.963562
12:29,749,58.20981598,2.820617914,22.05882263,3.088390827,28.62271309,2.911254644,0.913758993,22.17010307,24.34417534,15.59529018,5.025018692,249.9999847,37.98458481,115.5921631
12:32,752,58.39736557,3.050058365,20.90592194,3.405198574,31.55883789,3.057309389,0.932376206,23.04120445,24.71234703,15.74742126,4.950832844,250,38.19880295,117.263443
12:34,754,57.05901718,2.852281094,20.83333397,3.088390827,28.62271309,2.964742899,0.91394484,21.95802307,24.40254784,15.53642273,4.990396023,249.9999847,37.77103806,115.2207565
12:37,757,64.76015472,3.523011684,17.24137878,3.140967131,29.10998154,3.099859476,0.947331071,22.90904236,24.64941978,15.79519367,4.981263161,250,37.70000076,117.5419846
12:40,760,64.39129639,2.97896719,20.40816307,3.220057011,29.84297371,3.181785822,0.926789582,23.57442665,25.05856514,15.8204031,4.892878532,250,36.92356873,115.963562
12:43,763,58.20981598,3.818546534,16.21621704,3.140967131,29.10998154,2.887563229,0.944398403,23.61668205,24.89446449,15.83556938,4.915439129,250,37.48735809,117.263443
12:45,765,62.29747009,3.050058365,21.97802162,3.405198574,31.55883789,3.133062363,0.941280246,23.49644661,25.64850807,15.8204031,4.758816719,249.9999847,36.15608215,117.263443
12:48,768,64.39129639,2.969635725,20.90592194,3.405198574,31.55883789,3.149804592,0.943894923,22.46209717,24.58764267,15.79519367,4.975655079,250,37.70000076,117.5419846
12:51,771,59.88122177,2.675433636,20.06688881,3.058861017,28.34903526,2.961365938,0.926789582,23.64874458,25.13575935,15.94046497,4.862627983,250,36.85342789,117.9133759
12:54,774,64.76015472,3.016111612,22.05882263,3.326452494,30.82903099,3.149804592,0.952484071,23.29261017,24.58975601,15.65659618,4.981263161,250.0000153,38.05591965,115.8707047
12:57,777,59.13816833,3.619111538,16.99716759,3.201730728,29.67313004,2.87924552,0.96845907,23.29261017,24.58764267,15.79519367,4.967490673,250,37.84214401,116.9848938
13:01,781,57.05901718,3.836450577,17.24137878,3.220057011,29.84297371,3.06705308,0.960767925,23.45970535,24.58764267,15.84591007,4.981263161,250,37.98458481,117.8205338
13:03,783,61.10242462,3.050058365,25.86206818,3.428065062,31.77075958,3.057309389,0.960767925,22.46209717,24.82367706,15.78499889,4.930547714,275,38.05591965,116.9848938
13:06,786,70.97392273,3.125026703,23.07692337,3.454562902,32.01633835,3.340582371,0.948780715,22.45251465,24.13144493,15.74742126,5.067842484,275,38.41370392,116.3349533
13:08,788,62.0559082,2.978683472,24.09638596,3.298218727,30.56736565,3.039575815,0.960767925,23.49612045,25.12492371,15.94579983,4.854113579,275,37.48735809,117.9133759
13:11,791,65.266716,3.632757425,17.19197655,3.298218727,30.56736565,3.181785822,0.948780715,23.23653412,25.40757179,16.03200531,4.793519497,270,36.29496384,118.7490082
13:14,794,68.01779938,2.939044952,22.72727203,3.562383413,33.01560211,3.317814827,0.948780715,23.99127579,25.44066429,15.98272228,4.816712379,270,36.64344788,118.6561661
13:16,796,68.03259277,2.764142036,23.07692337,3.201931238,29.67498779,3.234818697,0.958451092,23.81849289,25.27188683,16.03200531,4.836312771,275,36.64344788,118.8418655
13:19,799,73.6548233,3.140293837,23.62204742,3.454562902,32.01633835,3.317814827,0.98249799,23.9961853,25.05856514,15.94579983,4.899353027,275,37.41662216,117.5419693
13:22,802,71.27132416,3.140293837,23.2558136,3.562383413,33.01560211,3.422623634,0.955001712,24.49436951,25.50166702,16.09865189,4.805191517,275,36.15608215,119.4917984
13:24,804,66.14569855,3.836450577,17.19197655,3.316789865,30.73947906,3.209936619,0.982992351,24.93375397,25.84840775,16.17397881,4.745790005,275,36.29496384,120.9773788
13:27,807,65.266716,2.963669538,21.89780998,3.378572702,31.31207275,3.178791761,0.977151811,24.94783211,25.488554,16.08598137,4.801463127,275,36.15608215,119.863205
13:30,810,60.03513718,2.766909838,22.64151001,3.126738071,28.97810936,2.964742899,0.984695971,24.88214874,25.74580193,16.06589699,4.771818638,275,36.15608215,118.7490082
13:32,812,68.03259277,2.978683472,23.2558136,3.378572702,31.31207275,3.196870804,1.000029564,24.75274086,25.30514336,16.09985924,4.836312771,275,36.85342789,119.8631897
13:35,815,52.21621323,2.583165407,24.09638596,3.147985697,29.17502975,2.480344534,0.971888959,24.94783211,25.13575935,16.02860451,4.870287418,275,37.48735809,118.7490082
13:37,817,79.74927521,3.384873152,25,3.78161025,35.04735947,3.688774824,0.987389505,23.9961853,24.66774178,16.02875328,4.961200237,275,37.77103806,118.7490082
13:40,820,67.35782623,2.984205723,21.73913002,3.249797344,30.11860275,3.196870804,0.979516864,24.92623711,25.6767292,16.09985924,4.770171165,275,36.92356873,119.5846558
13:43,823,67.64867401,3.044937611,22.05882263,3.316789865,30.73947906,3.254496098,0.979516864,25.06942368,25.12492371,16.02860451,4.862627983,275,37.2048645,118.8418655
13:46,826,67.35782623,2.978683472,23.2558136,3.378572702,31.31207275,3.209248543,0.983713925,24.75274086,25.44066429,16.08598137,4.801463127,275,37.27537918,118.8418579
13:48,828,68.01779938,2.849871635,22.55639076,3.220364571,29.8458252,3.327392817,0.971888959,24.90091705,25.78987694,16.06589699,4.749858856,275,36.85342789,119.6775055
13:52,832,68.03259277,3.199496746,21.4285717,3.384963036,31.37129784,3.209248543,0.976763844,24.92623711,25.51186943,16.09985924,4.801463127,275,36.64344788,119.2132568
13:54,834,68.03259277,2.984205723,23.2558136,3.285593033,30.45035172,3.209936619,0.977044404,24.99295807,25.71982002,16.08598137,4.771818638,280,37.13442612,119.4917984
13:57,837,74.47337341,3.283086061,22.72727203,3.606538534,33.42482376,3.538637161,0.977044404,24.96646881,25.20933151,16.08926201,4.870338917,275,36.92356873,119.2132568
13:59,839,70.97392273,2.641453505,22.72727203,3.220364571,29.8458252,3.323027372,0.977044404,24.99295807,25.16561699,16.08926201,4.870338917,275,37.27537918,119.863205
14:02,842,78.00538635,3.160116911,24.89626503,4.054168224,37.57338333,4.343755722,0.963213682,24.07069969,24.47459412,15.89616776,5.016458511,275,38.05591965,116.3349533
14:04,844,68.01779938,2.969635725,22.98850632,3.405752659,31.56397247,3.361712933,0.983713925,24.36201668,24.80576134,15.87159061,4.930547714,300,37.55815887,117.727684
14:06,846,80.16575623,3.398372173,24.69135857,3.405752659,31.56397247,4.232679367,0.983713925,25.06942368,25.16875267,16.08926201,4.870287418,300,37.41662216,119.6775055
14:09,849,79.74927521,3.200210571,25.53191566,3.482589722,32.2760849,3.621269226,0.991403639,25.67980385,25.87782097,16.24380112,4.729780674,300,36.50382614,120.6059799
14:12,852,76.65174103,3.140293837,24.59016418,3.450532913,31.97898865,3.604315042,1.016444802,26.65008163,26.1852417,16.33205032,4.671403885,300,35.67230225,120.8845291
14:14,854,80.00526428,3.30959487,23.4375,3.720389605,34.47997665,3.688774824,1.002441645,26.24065781,25.76796532,16.28500748,4.739059448,300,36.36450577,122.0915604
14:17,857,74.35713196,3.137236357,23.80952454,3.450532913,31.97898865,3.538637161,0.997791052,26.01798439,25.81724358,16.28500748,4.745790005,300,36.22548294,120.9773788
14:19,859,81.36799622,3.30959487,22.47191048,3.405752659,31.56397247,4.232679367,1.006077051,26.05060768,26.03150177,16.25960732,4.694002151,300,36.50382614,119.6774979
14:22,862,74.50274658,3.198986292,23.62204742,3.616374493,33.51598358,3.510616064,1.016444802,26.51421356,26.42723465,16.35286331,4.658569336,300,35.74119568,121.2559128
14:24,864,73.49602509,3.135839462,23.4375,3.482589722,32.2760849,3.507276058,1.006077051,25.8514576,25.6767292,16.24085999,4.766561031,300,37.27537918,120.6059799
14:27,867,76.65174103,3.097537041,26.20087242,3.450532913,31.97898865,3.621269226,1.004209161,26.24065781,25.97624207,16.2944088,4.713472366,300,35.87919617,121.3487778
14:29,869,73.49602509,3.081212997,23.80952454,3.595850468,33.32576752,3.545115709,1.010329366,25.80825996,25.84840775,16.24085999,4.739059448,300,36.85342789,120.9773788
14:32,872,78.00538635,3.197356701,26.08695602,3.753521204,34.7870369,3.803420305,1.006077051,26.24065781,26.20414543,16.26806641,4.687589169,300,36.50382614,121.2559128
14:34,874,70.39823914,3.140293837,23.07692337,3.480045795,32.25251007,3.41206336,0.992079258,26.10295105,26.16699028,16.2944088,4.671403885,300,35.67230225,121.3487778
14:36,876,79.50126648,3.344084024,25.53191566,3.523504257,32.65527344,3.621269226,1.024823189,26.01798439,25.78987694,16.290802,4.749405861,300,36.01748657,122.0915604
14:39,879,83.22544098,3.073020697,25.31645393,3.85537982,35.73104477,3.959093094,1.036223173,28.06653023,26.84403038,16.57751656,4.569438934,300,35.05554199,123.2057419
14:42,882,74.47337341,3.04301095,23.71541595,3.412495852,31.62646675,3.509979248,1.036223173,28.19112587,27.03110123,16.58995819,4.543935776,300,34.64762115,122.7415085
14:44,884,79.50126648,3.231395006,24.69135857,3.595850468,33.32576752,3.621269226,1.035709143,27.39791298,26.76906967,16.57761574,4.611686707,300,36.22547913,122.7415085
14:46,886,82.56997681,3.073020697,24.89626503,3.85537982,35.73104477,3.867973566,1.012309909,25.96282578,25.40757179,16.25949097,4.797018528,300,36.92356873,120.6059799
14:49,889,75.91158295,3.081212997,24.29149818,3.643823624,33.7703743,3.705361128,1.018092871,25.96282578,25.80600166,16.26806641,4.749405861,300,36.29496384,122.0915604
14:51,891,80.44966888,3.342569113,24.48979568,3.719725847,34.47382736,3.815995693,1.027746558,26.65008163,25.84840775,16.35839081,4.740739822,303,36.22548294,121.3487778
14:54,894,74.69610596,3.197356701,23.80952454,3.595850468,33.32576752,3.507276058,1.024823189,27.19504547,26.94535255,16.42203331,4.542836189,300,34.51222229,120.9773788
14:56,896,80.00526428,3.475242376,24.29149818,3.778580904,35.01928329,3.738401651,1.036223173,28.19112587,26.11286736,16.55333328,4.676117897,303,35.81015778,123.2057419
14:59,899,80.44966888,3.377789736,23.80952454,3.86348629,35.80617523,3.959093094,1.036223173,28.81199837,26.29005241,16.55779839,4.640300751,300,35.74119568,123.3914337
15:01,901,95.10053253,4.515985489,26.7857151,3.846682072,35.6504364,3.959093094,0.998992562,25.8514576,25.74580193,16.24380112,4.753909111,303,36.08674622,120.1417542
15:04,904,77.69390106,3.099418879,25,3.778580904,35.01928329,3.752826929,0.997988284,26.05060768,25.81724358,16.28228951,4.744967461,325,36.08674622,120.6988297
15:06,906,82.56997681,3.241158485,25.53191566,3.800711155,35.22438431,3.815995693,0.998992562,25.8514576,25.76796532,16.24380112,4.739850998,325,36.43412781,120.9773788
15:09,909,78.00538635,3.097537041,25.53191566,3.719725847,34.47382736,3.799726486,1.000712752,25.91982079,25.71982002,16.24380112,4.754333973,325,36.71336746,120.6059799
15:11,911,80.16575623,3.073020697,24.69135857,3.875770569,35.92002487,3.842806816,0.997988284,25.80825996,25.74310303,16.23685837,4.754333973,325,36.85342789,120.6059799
15:14,914,77.69390106,3.268269777,22.47191048,3.556442261,32.96054077,3.613625288,0.998992562,25.06942368,25.12524796,16.02827072,4.854252815,325,37.34595871,118.8418655
15:16,916,115.5740814,3.53456974,30.76922989,4.473269463,41.45754623,4.800318718,1.000712752,24.6317997,25.05856514,16.02827072,4.885062695,325,37.2048645,118.6561661
15:18,918,90.5877533,3.349944115,29.99999809,3.85034132,35.68434906,4.134613991,0.996138215,26.13405991,25.82307434,16.28228951,4.739059448,325,36.08674622,121.534462
15:21,921,92.49604034,3.602520943,26.7857151,4.179086208,38.7311058,4.165262699,0.998992562,25.67980385,25.99701881,16.22651672,4.706389427,325,36.36450958,120.1417542
15:23,923,110.3560791,3.184945822,30.76922989,4.179086208,38.7311058,4.490721226,1.015611649,27.61219025,26.52517891,16.49610329,4.611686707,325,35.81015778,122.5557938
15:25,925,109.2799911,3.53456974,32.96703339,4.063493252,37.6598053,4.4751091,1.008703589,26.65008163,25.79437065,16.36465836,4.740739822,325,36.36450577,122.5557938
15:27,927,81.96238708,3.200210571,26.08695602,3.960813284,36.7081871,4.095612049,1.08698523,28.19112587,27.16430855,16.57290459,4.543101788,325,34.85125351,123.2057419
15:30,930,109.2799911,3.582796574,28.5714283,4.276984692,39.63841248,4.40353632,1.093049407,28.13080978,26.77705002,16.55333328,4.585568905,325,35.67230225,123.2985916
15:32,932,86.44574738,3.215865135,28.98550797,3.898695946,36.13249207,4.134613991,1.080675125,28.16157913,25.76927567,16.52992249,4.734980106,325,36.08674622,121.8130112
15:35,935,127.180336,3.641373158,28.5714283,4.473269463,41.45754623,4.845945835,1.049957395,28.46576309,26.69837761,16.59308052,4.569438934,325,35.05554199,123.3914337
15:37,937,110.3560791,3.539871454,32.96703339,4.473269463,41.45754623,4.845945835,1.080751181,28.06653023,26.95202255,16.55333328,4.543935776,325,34.91927719,122.834343
15:39,939,93.97369385,3.520241022,26.90583038,4.179086208,38.7311058,4.40353632,1.08886528,28.13080978,27.22094917,16.69433975,4.499149799,325,34.91927719,123.2057419
15:41,941,84.52909088,3.349944115,28.16901398,4.063493252,37.6598053,4.165262699,1.076432109,29.02682114,26.31675148,16.52992249,4.640300751,325,35.67230225,120.9773788
15:43,943,104.2757492,3.600460529,30.76922989,4.476525307,41.48772049,4.834491253,1.080751181,29.74958801,28.27179909,16.85073471,4.372354031,325,33.63911057,124.134201
15:45,945,84.52909088,2.927336454,28.98550797,3.698047161,34.27291107,4.101087093,1.044947028,28.13080978,27.21574783,16.67607117,4.507546902,325,33.70584869,123.3914337
15:47,947,92.09090424,3.661104679,27.9069767,4.144411087,38.40974045,3.930897474,1.093049407,29.02682114,27.14744377,16.6119957,4.542836189,325,34.85125351,123.2985916
15:49,949,137.710495,3.615906715,37.73584747,4.144411087,38.40974045,4.4751091,1.079793692,28.13229179,26.48098564,16.6119957,4.569438934,325,35.39746094,122.834343
15:52,952,84.52909088,3.162675142,28.16901398,3.698047161,34.27291107,3.96875596,1.08698523,28.19112587,26.69837761,16.6119957,4.569438934,325,35.39746094,123.3914337
15:54,954,104.9982147,3.582796574,32.96703339,4.759077549,44.10637283,5.671287537,1.049957395,28.75652122,27.86923599,16.86168289,4.39362812,325,34.91927719,123.6699829
15:56,956,101.3511124,3.485014439,32.25806427,4.213607311,39.05104065,4.256558418,1.076432109,29.72891235,27.51875877,16.85073471,4.451488495,325,34.78330612,123.4842758
15:57,957,90.5877533,3.344084024,25.10460281,4.108433723,38.0763092,4.105061054,1.047512174,29.94214249,26.95202255,17.28879547,4.529585838,325,34.85124969,125.8983459
15:59,959,115.5740814,3.607014418,34.48275757,5.357085228,49.64861298,5.671287537,1.049957395,33.24672318,29.82866096,17.26948738,4.090298176,325,30.96327972,128.1266937
16:01,961,115.4305954,3.661104679,34.2857132,5.070421696,46.99185944,5.347917557,1.058651686,33.73968124,30.22658157,16.84438896,4.109162807,325,31.02715874,123.6699829
16:03,963,125.1504974,3.641373158,34.2857132,4.563518524,42.29396057,4.996828556,1.072331429,33.73968124,29.82866096,17.26948738,4.090298176,349.9999695,30.89946747,128.3123932
16:04,964,131.8607483,3.404344082,38.96103668,4.563518524,42.29396057,5.347917557,1.156799793,33.73968124,29.77697754,17.2427597,4.108371735,350,31.02715874,125.7126465
16:06,966,119.2867966,3.423284292,34.48275757,3.924154043,36.36843491,4.585499763,1.162080646,33.90701675,29.82866096,17.2427597,4.11550045,350,30.96327972,128.2195435
16:08,968,123.7042542,4.515985489,35.71429062,3.924154043,36.36843491,4.643258572,1.155445814,35.88258743,30.60461235,17.41891861,3.987611055,350,30.70844269,129.9836731
16:09,969,122.1739883,3.809057474,37.26708221,3.924154043,36.36843491,4.635102749,1.155445814,35.48955154,30.74131203,17.42416954,4.004659176,350,30.70844269,129.3337402
16:11,971,118.8073044,3.422484398,35.08771896,4.240997791,39.30488968,4.675467968,1.162080646,35.64931107,30.81955147,17.41179276,4.025828362,349.9999695,30.70844269,129.3337402
16:13,973,116.6335144,3.446990728,34.68207932,4.4609375,41.3432579,4.845945835,1.166938066,35.47027969,31.33123589,17.44771576,3.947728634,350,30.328228,129.7051544
16:15,975,120.6939774,3.582796574,33.89830399,3.984521389,36.92790985,4.726774693,1.155445814,35.70235443,30.44666672,17.44556808,4.020767212,350,30.45469666,129.5194244
16:17,977,116.6335144,3.446990728,34.68207932,4.054170132,37.5734024,4.759951115,1.140685558,35.64931107,30.6092186,17.44556808,3.977604628,350,30.3914299,129.7051239
16:18,978,123.7235718,3.288859129,37.26708221,4.240997791,39.30488968,4.675467968,1.140685558,35.64931107,30.81078339,17.42761993,4.004659176,350,30.328228,129.7051239
16:20,980,125.1504974,3.845938683,34.2857132,4.19063282,38.83811569,4.917182446,1.162080646,35.64931107,31.33338165,17.41179276,3.960143328,350,30.70844269,129.3337402
16:22,982,123.7042542,4.0812006,29.55665016,3.857205629,35.74796677,4.585499763,1.162080646,35.65205002,30.67184067,17.40617943,4.027401447,349.9999695,30.89946747,129.3337402
16:23,983,122.566185,3.641373158,34.2857132,4.054170132,37.5734024,4.822809696,1.140685558,36.65594482,31.33123589,17.50458717,3.940894842,350.0000305,29.45053864,130.6336212
16:25,985,126.1740417,3.423284292,28.98550797,3.857205629,35.74796677,4.892023563,1.187071085,35.87330246,31.10955811,17.44771576,3.940894842,350.0000305,30.07611275,129.7979889
16:27,987,131.8607483,3.641373158,31.24999809,4.05541563,37.58494568,4.911338806,1.169957876,36.0710907,30.67184067,17.38942909,4.004659176,349.9999695,31.60516167,129.3337402
16:29,989,125.1504974,3.462497234,36.5853653,4.4609375,41.3432579,5.278241634,1.178532839,35.48955154,31.33338165,17.38307762,3.960143328,350,30.96327972,129.2408905
16:30,990,122.1193466,3.649651289,34.09090805,4.240997791,39.30488968,4.675467968,1.171135306,36.0710907,30.6150074,17.38307762,4.027401447,349.9999695,31.09110451,129.2408905
16:32,992,123.7235718,3.446990728,36.14457703,4.05541563,37.58494568,4.783695221,1.172425389,37.50057983,30.48525047,17.52420044,3.978687525,349.9999695,30.3914299,129.8908234
16:34,994,126.1740417,3.575867891,36.14457703,4.335155487,40.17752838,5.101695538,1.178532839,37.81586838,32.25439453,17.58423805,3.831556559,349.9999695,30.07611275,129.8908234
16:36,996,133.5688171,3.615906715,38.46154404,4.467064857,41.40004349,5.278241634,1.185255647,37.79271317,32.4206543,17.58423805,3.815054417,350,28.7086792,130.4479218
16:38,998,128.4524841,3.989950657,34.2857132,4.395010471,40.73225403,5.286622524,1.177722454,36.85781097,31.33338165,17.48107338,3.931356907,350,30.58143425,129.6122894
16:39,999,125.4505692,3.532443285,35.71429062,4.026068211,37.31295776,4.878246784,1.187071085,38.3093338,32.04714584,17.58423805,3.826746464,350,28.7086792,129.8908234
16:41,1001,130.820694,3.653306007,38.46154404,3.974202633,36.83227539,4.783695221,1.181633592,37.4970932,30.5403614,17.49364471,3.996530294,350,30.64490509,129.5194244
16:43,1003,129.1395416,3.680076361,33.70786667,4.467064857,41.40004349,5.264582634,1.183150649,36.47714233,30.67184067,17.48107338,3.976604223,350,30.3914299,129.7051544
16:44,1004,135.6656342,3.375875235,41.66666794,4.275597095,39.62555313,5.086727619,1.187122226,38.37697983,31.84160995,17.58423805,3.798821926,350,28.95490265,130.0765228
16:46,1006,125.4505692,3.549917459,36.14457703,4.026068211,37.31295776,4.822809696,1.181633592,37.90184402,33.03560638,17.66441154,3.763670444,350,28.95490074,130.7264709
16:47,1007,130.5191803,3.597111464,37.5,4.026068211,37.31295776,4.732419014,1.187071085,39.36515427,32.14626694,17.72521019,3.869107246,350,30.07611275,129.5194244
16:49,1009,137.722229,3.357185602,39.2156868,4.311024189,39.95388412,5.097010612,1.178706527,38.61742401,32.03365707,17.6733532,3.869107246,350,29.63750458,129.3337402
16:50,1010,134.7354431,3.437005281,37.97468185,4.260818481,39.48858643,5.086727619,1.183556914,37.81586838,32.4206543,17.65156937,3.774493217,350,28.95490265,131.2835541
16:52,1012,126.5690918,3.496046543,36.36363602,4.211034775,39.02719879,5.04145956,1.18475318,39.46346664,32.04714584,17.72521019,3.798821926,350,28.95490265,129.9836731
16:54,1014,131.1017456,3.641373158,34.2857132,4.211034775,39.02719879,4.989518166,1.184100509,39.72089386,32.88580704,17.69564056,3.745867252,350,28.8932457,131.1907043
16:55,1015,129.1395416,3.530504704,36.14457703,4.276876926,39.63741302,5.195964336,1.181131482,38.80994415,32.03365707,17.72521019,3.798821926,351,28.46351242,129.3337402
16:57,1017,128.4524841,3.472788811,37.26708221,4.276876926,39.63741302,5.086666584,1.17910409,39.66693115,32.54428864,17.72521019,3.745867252,350,28.83165359,131.7478027
16:58,1018,126.5690918,3.531088591,36.14457703,4.207424641,38.99374008,4.932891369,1.172425389,38.04158401,32.15323639,17.66441154,3.783117533,351,28.77013779,130.355072
17:00,1020,125.4505692,3.357185602,35.71429062,4.207424641,38.99374008,4.922038078,1.182207704,39.23258591,31.93682861,17.69564056,3.815054417,351,28.8932457,130.355072
17:01,1021,143.0863342,3.417404652,40,4.276876926,39.63741302,5.086666584,1.17910409,37.81586838,32.25439453,17.64929008,3.814247608,350,28.7086792,130.1693726
17:03,1023,147.4632874,3.408383131,40.81632614,4.485357761,41.56958008,5.286622524,1.188367367,38.37697983,33.33712387,17.62135315,3.674837351,375,28.70867729,131.0050201
17:04,1024,144.641098,3.284752131,41.37931061,4.311200142,39.95551682,5.097010612,1.177904248,40.16896057,34.07896423,17.83316422,3.597971916,375,27.43331337,132.6763
17:06,1026,141.8489532,3.277556658,41.66666794,4.311200142,39.95551682,5.109665871,1.179284811,42.37572861,34.21357727,17.80385208,3.565449953,375,27.61373711,132.0263519
17:07,1027,140.2381897,3.404374838,41.37931061,4.311200142,39.95551682,5.097010612,1.171448827,39.36515427,33.9200592,17.75017357,3.638709068,375,27.79475021,132.5834503
17:08,1028,136.7311859,3.496046543,37.0370369,4.201667309,38.94038391,4.892073631,1.171135306,40.80622101,34.42598343,17.85040092,3.565449953,375,27.91575813,132.3049011
17:10,1030,144.641098,3.496046543,40,4.456579685,41.30286789,5.258136272,1.177853346,40.16549301,34.42598343,17.80224228,3.55253458,375,28.03702164,130.7264709
17:11,1031,140.2381897,3.408383131,41.09589005,4.45924902,41.32761002,5.286622524,1.185457826,40.80622101,34.21357727,17.79579735,3.55253458,375,27.61373711,132.7691498
17:13,1033,147.4632874,3.401337624,38.70967865,4.311200142,39.95551682,5.097010612,1.171985507,42.37572861,34.22372055,17.83316422,3.565888882,375,27.37330437,131.7478027
17:14,1034,136.6647034,3.417404652,38.21656036,4.224704266,39.15388489,4.985543251,1.184100509,39.62497711,33.33712387,17.74846649,3.70467782,375,27.91575813,132.5834503
17:16,1036,144.9155273,3.402065277,41.37931061,4.186972141,38.80419159,5.061191082,1.186859608,39.46425247,33.84077835,17.72693253,3.638709068,375,27.31335258,132.2120514
17:17,1037,136.6647034,3.507352829,41.66666794,4.15891695,38.54417801,4.985543251,1.187122226,39.46346664,33.53803635,17.74704361,3.674837351,375,27.79475021,132.4905853
17:19,1039,136.7311859,3.402065277,41.66666794,4.15684557,38.52498245,4.985543251,1.193823814,39.47450256,32.88580704,17.77081299,3.726928711,375,28.8932457,131.1907043
17:20,1040,138.4402924,3.361802101,41.66666794,3.562308788,33.01490784,4.435151577,1.187071085,39.72089386,33.20438004,17.75017357,3.70467782,375,29.07840919,131.2835541
17:22,1042,138.3297272,3.577158451,40.81632614,4.15684557,38.52498245,4.922038078,1.183490396,39.46346664,33.50456619,17.72693253,3.70467782,375,27.91575813,132.5834503
17:24,1044,136.5648651,3.512652397,38.70967865,4.142051697,38.3878746,4.975196362,1.187122226,39.66693115,33.31416702,17.74846649,3.690447569,375,27.91575813,132.3049011
17:25,1045,138.3297272,3.612850666,39.2156868,4.142051697,38.3878746,4.922038078,1.181074977,39.47754288,33.33712387,17.76340294,3.70467782,375,28.15854645,131.4692688
17:27,1047,152.339447,3.434100151,45.45454407,4.655844212,43.14962006,5.410346031,1.188367367,37.4970932,34.02142334,17.58329773,3.638709068,375,27.37330437,132.7691498
17:28,1048,152.1165466,3.612850666,43.79561996,4.654036999,43.13287354,5.44907093,1.177722454,36.59397507,31.34110832,17.54322243,3.913286209,375,29.88773155,129.8908234
17:30,1050,147.9086914,3.630592108,40.81632614,4.594974995,42.585495,5.654162884,1.182744741,39.47754288,33.20438004,17.76340294,3.690447569,375,29.07840919,131.4692688
17:31,1051,150.0382233,3.38142252,46.15384674,4.274412155,39.61457062,5.038120747,1.184100509,40.40739059,34.00594711,17.80437088,3.608621597,375,27.49339294,132.2120514
17:32,1052,147.9086914,3.630592108,41.37931061,4.654036999,43.13287354,5.685367584,1.205266356,40.57223892,35.44291306,17.92117882,3.532918692,375,26.65820694,132.3049011
17:34,1054,154.6824951,3.607014418,46.15384674,4.655844212,43.14962006,5.637423515,1.207373977,40.36614227,34.22372055,17.89803696,3.586964369,375,26.77674675,133.0476837
17:35,1055,151.6851196,3.387634277,43.79561996,4.786716461,44.36252594,5.377840996,1.207373977,40.16549301,33.72166443,17.95295334,3.617657661,375,27.37330437,132.954834
17:36,1056,147.9086914,3.82097435,38.70967865,4.512497902,41.82110977,5.654162884,1.205266356,40.06213379,34.22372055,17.87547302,3.55253458,375,27.31335258,133.1405334
17:38,1058,159.7255859,3.225440264,50,4.273727894,39.60822678,5.151804924,1.221125007,40.80622101,35.76916504,17.91894722,3.44195056,375,26.304142,133.2333832
17:39,1059,167.5657959,3.82097435,48.38709641,4.594974995,42.585495,5.685367584,1.210075021,44.2564888,37.65743256,18.110466,3.262571335,375,25.08296394,133.6047821
17:40,1060,167.5657959,3.326077938,48,4.594974995,42.585495,5.599423409,1.21579206,44.1063652,37.07549667,18.08218765,3.332675219,375,24.85351372,133.883316
17:42,1062,155.9545135,3.117512465,50,4.419545174,40.9596405,5.240325928,1.227092147,45.11916733,36.81759644,18.12599182,3.300266266,375,25.02550507,134.2546997
17:43,1063,145.603775,3.500891924,41.37931061,4.195914745,38.8870697,4.985543251,1.226748705,44.3898468,36.8557663,18.11096191,3.303385735,375,26.42190552,134.5332489
17:44,1064,163.617218,3.270372868,49.18032837,4.466321945,41.39315796,5.467039585,1.198437214,43.76869583,35.67164612,18.03282738,3.432670832,375,26.83611107,133.0476837
17:45,1065,168.7041626,3.621872187,44.11764526,4.466321945,41.39315796,5.467039585,1.227092147,45.00271988,36.32107925,18.03137779,3.359163046,375,25.31341934,134.5332642
17:47,1067,170.0461426,3.326077938,49.18032837,4.389309406,40.67942047,5.467039585,1.205266356,45.11916733,37.21548462,18.110466,3.300266266,375,25.37118721,134.6260986
17:48,1068,170.0461426,3.349577904,49.18032837,4.466321945,41.39315796,5.467039585,1.18939817,44.2564888,36.215271,18.06755829,3.391301394,375,25.66099358,133.0476837
17:49,1069,169.4451599,3.197067499,47.61904907,4.821501255,44.68490601,5.44907093,1.197566867,44.45912933,37.94202423,18.110466,3.262571335,375,24.73916817,133.883316
17:51,1071,169.4451599,3.473625898,49.18032837,4.505249977,41.75393677,5.654162884,1.206218719,43.5090332,36.8557663,18.03282738,3.319431543,375,25.02550507,133.883316
17:52,1072,177.3941498,3.326077938,47.61904907,4.821501255,44.68490601,5.377840996,1.20069778,44.3898468,37.00460052,18.11079407,3.336054802,375,24.73916817,134.5332489
17:53,1073,161.5760803,3.473625898,49.18032837,4.821501255,44.68490601,5.685367584,1.197566867,44.45912933,36.17181015,18.073246,3.36378479,375,25.08296394,133.883316
17:55,1075,168.7041626,3.82097435,46.15384674,4.821501255,44.68490601,5.766703129,1.193683147,44.37722015,36.32107925,18.06755829,3.388255119,375,25.71914101,133.0476837
17:56,1076,148.6533051,3.434100151,45.11278152,4.318780899,40.02577209,5.109665871,1.18939817,44.64444351,37.00460052,18.11096191,3.296766043,375,25.19806099,134.0690002
17:57,1077,165.1175385,2.944596291,57.1428566,4.58136797,42.45938873,5.504537582,1.206218719,43.63225555,35.76916504,18.06120682,3.403787136,375,25.54488182,133.6047821
17:58,1078,148.1069946,3.500891924,39.4736824,3.987612009,36.9565506,4.726774693,1.198147774,44.18056107,38.35258865,18.10082817,3.217217922,375,25.14048386,134.4404297
17:59,1079,168.7041626,3.277035475,48.78048706,4.708776474,43.64019012,5.593158245,1.203853488,44.3898468,37.3075676,18.03282738,3.332675219,375,25.37118721,134.4404297
18:00,1080,145.603775,3.454575777,42.25352097,4.384030819,40.63049698,5.237366199,1.197566867,44.2564888,35.86540604,18.06960869,3.403787136,375,25.54488182,133.7904816
18:01,1081,154.1590424,3.270372868,45.80152512,3.987612009,36.9565506,4.711272717,1.197123051,45.17858505,38.86545944,18.09208488,3.162384987,400,24.17116928,134.16185
18:03,1083,163.617218,2.864401817,56.07476425,4.494189739,41.65143204,5.504537582,1.197566867,44.37722015,37.26209259,18.110466,3.300814629,400,25.14048386,134.0690002
18:04,1084,163.617218,3.117512465,56.07476425,4.494189739,41.65143204,5.599423409,1.20253551,48.75375366,37.00460052,18.26798058,3.336054802,375,25.37118721,135.5545959
18:06,1086,146.1318512,3.362933159,35.71429062,3.814870358,35.35560989,4.550001144,1.196554303,47.06972504,38.35258865,18.19866371,3.158954382,0,23.72123337,135.6474457
18:07,1087,150.0379944,3.715947866,39.4736824,3.978048563,36.86791992,4.911338806,1.203266978,47.97668076,37.22157288,18.24112511,3.303385735,0,24.68208694,135.5545959
18:08,1088,101.3511124,3.998854637,31.74603081,3.827748299,35.47496033,4.456791878,1.221465945,46.06540298,32.91477203,18.20397186,3.72998333,0,29.3262291,135.3688812
18:10,1090,150.0379944,3.653306007,40.26845551,3.978048563,36.86791992,4.837192059,1.223271132,48.75375366,38.53293228,18.29375458,3.190280437,9,23.72123337,135.6474457
18:12,1092,154.1590424,3.809057474,43.47826004,3.827748299,35.47496033,4.892023563,1.221465945,46.48866653,37.0075264,18.1873188,3.303385735,0,24.85351372,135.5545959
18:14,1094,146.1318512,3.653306007,39.2156868,3.827748299,35.47496033,4.550001144,1.251803637,46.54616547,38.86545944,18.19902802,3.189325809,0,24.11470795,135.0903473
18:15,1095,143.9681854,3.809057474,41.66666794,3.978048563,36.86791992,4.822809696,1.244754314,46.63077164,37.37042618,18.20397186,3.325892448,0,24.85351372,135.4617462
18:17,1097,133.581543,3.751973629,37.73584747,3.92825675,36.40645599,4.643258572,1.244754314,47.81396103,37.65743256,18.23571014,3.243370771,5,24.68208694,135.5545959
18:18,1098,146.8481598,3.548830509,39.2156868,3.446167946,31.93853378,4.476480484,1.251803637,47.97668076,38.18260193,18.32561493,3.218198299,28,24.51122093,135.6474457
18:20,1100,150.0379944,3.479231119,43.47826004,3.283933163,30.43496895,4.740618229,1.299720407,47.81396103,39.37291336,18.32561493,3.21061039,28,24.68208694,136.2045288
18:21,1101,138.4402924,3.548830509,37.73584747,3.514660835,32.57331467,4.219660759,1.228680491,47.97668076,38.19477844,18.32561493,3.21061039,50,25.14048386,135.9259796
18:23,1103,101.3511124,4.091691494,31.74603081,3.589225769,33.26436996,4.435151577,1.256506324,47.81396103,38.52168655,18.27453041,3.203927755,50.00000381,25.14048386,136.2045288
18:24,1104,142.0004425,3.486439943,39.2156868,3.514660835,32.57331467,4.476480484,1.244754314,47.91156387,38.96372223,18.27453041,3.218198299,50,25.19806099,136.390213
18:26,1106,147.3143616,3.548830509,40.54053879,3.446167946,31.93853378,4.84109211,1.325149179,47.97668076,38.521595,18.27453041,3.21061039,50,25.19806099,136.1116791
18:27,1107,148.9955597,3.519964933,43.79561996,3.444187403,31.92017937,4.969209194,1.307634473,47.34466171,37.21548462,18.27340126,3.300266266,50,25.31341934,135.9259796
18:29,1109,150.0379944,3.652789593,41.66666794,3.596924543,33.33572388,4.84109211,1.37654984,47.97668076,37.22157288,18.24957085,3.325892448,50.00000381,25.54488182,135.5545959
18:30,1110,80.51042938,4.228872776,20.33898163,3.283933163,30.43496895,3.323027372,1.500538588,58.24372864,32.54428864,18.65038681,3.72998333,50,29.3262291,138.2472076
18:31,1111,154.1590424,3.486439943,40.26845551,3.444187403,31.92017937,4.899618626,1.307634473,58.97288895,36.93037796,18.39050674,3.290572166,50,25.19806099,137.8758087
18:33,1113,150.0379944,3.548830509,40.26845551,3.444187403,31.92017937,4.969209194,1.325149179,58.97288895,37.07549667,18.65038681,3.296766043,50,25.31342125,137.8758087
18:35,1115,80.51042938,3.988836288,20.13422775,2.426277876,22.48635674,2.547648191,1.393542409,58.97288895,32.54428864,18.65038681,3.72998333,50,28.8932457,136.9473267
18:38,1118,93.28395081,4.049090385,28.16901398,2.408740759,22.32382584,3.409816504,1.393542409,53.83186722,39.73678589,18.58193588,3.203927755,50,25.3711853,138.2472076
18:40,1120,77.21388245,2.255424023,20.33898163,2.408740759,22.32382584,2.832851171,1.479284167,56.24722672,34.50052261,18.64718628,3.540602207,50,27.79475021,138.2472076
18:42,1122,80.91511536,3.342569113,24.59016418,1.656844378,15.35536957,3.36039114,1.479284167,44.45912933,38.96372223,18.1208477,3.203927755,50,25.3711853,134.0690002
18:44,1124,77.21388245,2.511654615,20.33898163,2.356332541,21.83811378,3.240912914,1.425551891,44.3898468,31.18578148,18.02197075,3.912809134,50,30.89946747,134.2546997
18:47,1127,89.46801758,3.295052052,25.86206818,2.325664997,21.55389214,2.547648191,1.479284167,44.01320648,32.31171036,18.02143669,3.795545578,50,28.8932457,134.3475494
18:50,1130,113.8483734,4.406735897,28.98550797,2.85577035,26.46682358,4.071048737,1.443579435,43.82689285,31.18578148,17.92368507,3.906179667,50,30.13903999,133.1405334
18:52,1132,101.1808167,3.448825836,30.15075302,1.656844378,15.35536957,3.409816504,1.425551891,47.91156387,33.03560638,18.25695992,3.72998333,50,29.3262291,135.9259796
18:54,1134,87.82009125,3.344084024,26.20087242,3.048198223,28.25021553,3.292715788,1.425551891,44.65180206,31.05519104,18.02143669,3.906179667,50,30.13903999,134.2546997
18:56,1136,93.28395081,3.362933159,28.16901398,2.356332541,21.83811378,3.398286104,1.443579435,44.18056107,33.03560638,18.07355118,3.72998333,50,28.46351433,134.3475494
,,,,,,,,,,,,,,,
